CoachID,CoachName ,CoachingRole ,CoachingSpecialty ,EmployeeID 
101,Tom Thibodeau,Head Coach,Coach,1001
102,Johnnie Bryant,Associate Head Coach,Coach,1002
103,Darren Erman,Assistant Coach,Coach,1003
104,Mike Woodson,Assistant Coach,Coach,1004
105,Kenny Payne,Assistant Coach,Coach,1005
106,Larry Greer,Assistant Coach,Coach,1006
107,Andy Greer,Assistant Coach,Coach,1007
108,Richard Williams,Strength & Conditioning Coach,Coach,1008
109,Aaron Brooks,Two-Way Liaison,Coach,1009
110,Daisuke Yoshimoto,Assistant to Head Coach,Coach,1010
111,Frederick Cofield,Assistant to General Manager,Personel ,1011
112,Matt Harding,Advanced Scout,Scout,1012
113,John Halas,Basketball Scout,Scout,1013
114,Reggie Johnson,Basketball Scout,Scout,1014
115,Alex Kline,Basketball Scout,Scout,1015
