CustomerID,TicketNo,Name,Age,Fan_Club
20000001,100000001,Caleb Castillo,51,Yes
20000002,100000002,Diana Lindsey,41,No 
20000003,100000003,Dexter Montgomery,48,Yes
20000004,100000004,Rufus Nunez,29,Yes
20000005,100000005,Betsy Arnold,42,No 
20000006,100000006,Lucia Cooper,24,Yes
20000007,100000007,Malcolm Keller,48,Yes
20000008,100000008,Benjamin Henry,83,Yes
20000009,100000009,Tyrone Alvarez,48,Yes
20000010,100000010,Stewart Cannon,28,Yes
20000011,100000011,Linda Thompson,48,No 
20000012,100000012,Denise Frank,38,No 
20000013,100000013,Alexis Potter,18,No 
20000014,100000014,Elvira Wise,4,No 
20000015,100000015,Lorenzo Hayes,58,Yes
20000016,100000016,Martha Miles,39,No 
20000017,100000017,Ann Hogan,68,No 
20000018,100000018,Nellie Franklin,42,No 
20000019,100000019,Ivan Gonzalez,41,Yes
20000020,100000020,Jenny Hopkins,58,No 
20000021,100000021,Carole Stevenson,8,Yes
20000022,100000022,Ira Morales,38,No 
20000023,100000023,Abraham Weber,48,Yes
20000024,100000024,Jill Farmer,52,Yes
20000025,100000025,Garry Colon,58,Yes
20000026,100000026,Jesus Silva,38,Yes
20000027,100000027,Naomi Duncan,29,No 
20000028,100000028,Lorenzo Waters,49,No 
20000029,100000029,Kelly Stevens,59,No 
20000030,100000030,Russell Aguilar,29,No 
20000031,100000031,Traci Long,57,Yes
20000032,100000032,Myrtle Wells,72,No 
20000033,100000033,Nellie Carroll,47,Yes
20000034,100000034,Morris Munoz,27,No 
20000035,100000035,Larry Fox,12,No 
20000036,100000036,Alice Lowe,38,No 
20000037,100000037,Lonnie Montgomery,14,Yes
20000038,100000038,Joanna Bowman,48,Yes
20000039,100000039,Kristine Jordan,28,Yes
20000040,100000040,Bernice Underwood,83,No 
20000041,100000041,Eric Bush,28,No 
20000042,100000042,Marta Ramsey,19,No 
20000043,100000043,Lance Marshall,29,No 
20000044,100000044,Ted Rowe,23,Yes
20000045,100000045,Jan Edwards,22,No 
20000046,100000046,Erick Norris,71,Yes
20000047,100000047,Gabriel Grant,75,No 
20000048,100000048,Lisa Caldwell,64,Yes
20000049,100000049,Bernadette Bishop,52,Yes
20000050,100000050,Gail Thompson,38,No 
20000051,100000051,aine Chapman,48,Yes
20000052,100000052,Opal Gilbert,37,No 
20000053,100000053,Richard Fletcher,23,No 
20000054,100000054,Edith Osborne,26,No 
20000055,100000055,Jessie Mckenzie,27,No 
20000056,100000056,Bryant Turner,26,No 
20000057,100000057,Rickey Black,71,No 
20000058,100000058,Mike Lucas,57,Yes
20000059,100000059,Harvey Rogers,48,Yes
20000060,100000060,Nettie Diaz,48,No 
