EmployeeID ,Name ,Age ,DOB 
1001,Tom Thibodeau,55,5/7/1966
1002,Johnnie Bryant,45,8/7/1976
1003,Darren Erman,62,1/19/1959
1004,Mike Woodson,60,1/13/1961
1005,Kenny Payne,45,12/12/1975
1006,Larry Greer,46,7/2/1974
1007,Andy Greer,39,11/16/1981
1008,Richard Williams,49,2/15/1972
1009,Aaron Brooks,36,3/17/1985
1010,Daisuke Yoshimoto,47,10/22/1973
1011,Frederick Cofield,29,10/25/1991
1012,Matt Harding,35,8/16/1985
1013,John Halas,41,1/19/1980
1014,Reggie Johnson,58,3/13/1963
1015,Alex Kline,52,3/7/1969
2001,Dr. Lisa Callahan,52,3/8/1969
2002,Dr. Answorth Allen,60,1/17/1961
2003,Erwin Benedict Valencia,47,7/2/1975
2004,Roger Hinds,49,2/20/1972
2005,Anthony Goenaga,55,7/7/1966
2006,Erin Silberberg,45,11/11/1975
2007,Erika Whitman,47,9/12/1973
2008,Shimon Ishikawa,36,3/27/1985
2009,Karen Wynn,62,2/12/1959
3001,RJ Barrett,20,6/14/2000
3002,Julius Randle,26,11/29/1994
3003,Immanuel Quickley,21,6/17/1999
3004,Reggie Bullock,30,3/16/1991
3005,Nerlens Noel,27,4/10/1994
3006,Elfrid Payton,27,2/22/1994
3007,Obi Toppin,23,3/4/1998
3008,Alec Burks,29,7/20/1991
3009,Kevin Knox,21,8/11/1999
3010,Taj Gibson,35,6/24/1985
3011,Mitchell Robinson,23,4/1/1998
3012,Derrick Rose,32,10/4/1988
3013,Frank Ntilikina,22,7/28/1998
,,,
,,,
,,,
,,,
