MedicalMeetingID,MedStaffID,PlayerID,MeetingType,InjuryStatus,InjuryStartDate,InjuryEndDate
100001,201,306,Injury ,Out ,4/15/2021,
100002,205,304,Injury ,Day-To-Day,4/15/2021,4/17/2021
100003,201,306,Injury ,Out ,4/17/2021,
100004,202,312,Rehab,Day-To-Day,4/15/2021,4/20/2021
100005,201,306,Injury ,Out ,4/22/2021,4/25/2021
100006,206,306,Massage ,Performance,4/21/2021,
100007,206,308,Massage ,Performance,4/25/2021,4/25/2021
100008,206,304,Massage ,Performance,4/16/2021,4/16/2021
100009,206,309,Massage ,Performance,4/26/2021,4/26/2021
100010,206,306,Massage ,Performance,4/27/2021,
100011,201,308,Rehab,Day-To-Day,4/27/2021,
100012,201,308,Rehab,Day-To-Day,4/28/2021,
100013,205,306,Rehab,Day-To-Day,5/3/2021,5/4/2021
100014,201,308,Rehab,Day-To-Day,4/29/2021,4/29/2021
100015,201,309,Injury ,Out ,5/1/2021,
100016,205,301,Injury ,Day-To-Day,5/3/2021,5/4/2021
100017,205,309,Injury ,Out ,5/2/2021,5/3/2021
