MedStaffID,MedStaffName,MedicalRole ,MedicalSpecialty ,EmployeeID 
201,Dr. Lisa Callahan,Chief Medical Officer ,Injury ,2001
202,Dr. Answorth Allen,Team Orthopedist,Injury ,2002
203,Erwin Benedict Valencia,Director Training & Conditioning,Performance,2003
204,Roger Hinds,Head Athletic Trainer Emeritus,Performance,2004
205,Anthony Goenaga,Head Athletic Trainer,Performance,2005
206,Erin Silberberg,Massage Therapist,Injury ,2006
207,Erika Whitman,Team Sports Dietitian,Performance,2007
208,Shimon Ishikawa,Performance Analyst,Performance,2008
209,Karen Wynn,Executive Administrative Assistant,Performance,2009
